﻿<?xml version="1.0" encoding="utf-8"?>
<Deployment xmlns="http://schemas.microsoft.com/windowsphone/2012/deployment" AppPlatformVersion="8.0">
  <DefaultLanguage xmlns="" code="en-US" />
  <Languages xmlns="">
    <Language code="pl" />
  </Languages>
  <App xmlns="" ProductID="{bea98b49-0f92-4bad-b2e3-100616ab6007}" Title="Space Aim 3D" RuntimeType="Silverlight" Version="0.0.0.1" Genre="apps.normal" Author="Marcin Jamro" Description="Let's avoid asteroids and reach the target planet! The simple game that presents various features available for developers of Windows Phone 8 applications and games." Publisher="Marcin Jamro" PublisherID="{b8ea3f08-8dc9-42bc-9f07-8fa9ebdfd339}">
    <IconPath IsRelative="true" IsResource="false">Assets\ApplicationIcon.png</IconPath>
    <Capabilities>
      <Capability Name="ID_CAP_NETWORKING" />
      <Capability Name="ID_CAP_MEDIALIB_AUDIO" />
      <Capability Name="ID_CAP_MEDIALIB_PLAYBACK" />
      <Capability Name="ID_CAP_SENSORS" />
      <Capability Name="ID_CAP_WEBBROWSERCOMPONENT" />
      <Capability Name="ID_CAP_MAP" />
      <Capability Name="ID_CAP_LOCATION" />
      <Capability Name="ID_CAP_ISV_CAMERA" />
      <Capability Name="ID_CAP_SPEECH_RECOGNITION" />
      <Capability Name="ID_CAP_MICROPHONE" />
    </Capabilities>
    <Tasks>
      <DefaultTask Name="_default" NavigationPage="Views/MenuPage.xaml" />
    </Tasks>
    <Tokens>
      <PrimaryToken TokenID="SpaceAim3DToken" TaskName="_default">
        <TemplateFlip>
          <SmallImageURI IsRelative="true" IsResource="false">Assets\Tiles\FlipCycleTileSmall.png</SmallImageURI>
          <Count>0</Count>
          <BackgroundImageURI IsRelative="true" IsResource="false">Assets\Tiles\FlipCycleTileMedium.png</BackgroundImageURI>
          <Title></Title>
          <BackContent>Let's avoid asteroids and reach the target planet!</BackContent>
          <BackBackgroundImageURI></BackBackgroundImageURI>
          <BackTitle>Space Aim 3D</BackTitle>
          <LargeBackgroundImageURI IsRelative="true" IsResource="false">Assets\Tiles\FlipCycleTileLarge.png</LargeBackgroundImageURI>
          <LargeBackContent>Let's avoid asteroids, reach the target planet, and see players in the vicinity!</LargeBackContent>
          <LargeBackBackgroundImageURI IsRelative="true" IsResource="false"></LargeBackBackgroundImageURI>
          <DeviceLockImageURI></DeviceLockImageURI>
          <HasLarge>True</HasLarge>
        </TemplateFlip>
      </PrimaryToken>
    </Tokens>
    <ScreenResolutions>
      <ScreenResolution Name="ID_RESOLUTION_WVGA" />
      <ScreenResolution Name="ID_RESOLUTION_WXGA" />
      <ScreenResolution Name="ID_RESOLUTION_HD720P" />
    </ScreenResolutions>
  </App>
</Deployment>